{"branches": 24.78551000953289, "coverage": 26.87784359172461}